Video,Views,Yesterday,Published
"Chris Brown - Loyal (Official Video) ft. Lil Wayne, Tyga","1,558,088,624","246,552",2014/03
Pitbull - International Love (Official Video) ft. Chris Brown,"1,054,623,824","157,440",2011/12
Omarion Ft. Chris Brown & Jhene Aiko - Post To Be (Official Music Video),"925,916,193","61,632",2015/02
Chris Brown - With You (Official HD Video),"833,627,731","208,392",2009/10
"Chris Brown - Look at Me Now (Official Video) ft. Lil Wayne, Busta Rhymes","587,353,793","18,048",2011/03
"Chris Brown - New Flame (Official Video) ft. Usher, Rick Ross","549,796,167","101,256",2014/08
Chris Brown - Under The Influence (Official Video),"535,208,403","235,560",2022/10
Chris Brown - No Guidance (Official Video) ft. Drake,"509,373,361","37,320",2019/07
Chris Brown - Kiss Kiss (Feat. T-Pain) (Official HD Video) ft. T-Pain,"461,574,213","74,208",2009/10
Chris Brown - Forever (Official HD Video),"424,501,559","100,728",2009/10
"Chris Brown, Tyga - Ayo (Official Video)","408,381,151","50,016",2015/02
"Chris Brown - Pills & Automobiles (Official Video) ft. Yo Gotti, A Boogie Wit Da Hoodie, Kodak Black","407,219,889","47,280",2017/08
Chris Brown - No Guidance (Audio) ft. Drake,"364,959,877","41,616",2019/06
Chris Brown - Say Goodbye (Official HD Video),"361,874,920","73,560",2009/10
Chris Brown - Next To You ft. Justin Bieber,"361,540,939","37,728",2011/06
Chris Brown - Yeah 3x (Official Video),"350,901,272","37,464",2010/10
"Chris Brown - Party (Official Video) ft. Usher, Gucci Mane","339,035,564","19,224",2016/12
Chris Brown - Turn Up the Music (Official Video),"320,870,432","17,496",2012/02
Chris Brown - Gimme That Remix (Official HD Video) ft. Lil Wayne,"315,632,921","90,360",2009/10
Chris Brown - Don't Judge Me,"282,244,745","34,176",2012/09
Chris Brown - Privacy (Official Video),"273,263,224","20,208",2017/04
Chris Brown - Heat (Official Video) ft. Gunna,"265,264,958","28,992",2019/08
Chris Brown - Don't Wake Me Up (Official Video),"263,500,346","15,168",2012/06
"Chris Brown, Young Thug - Go Crazy (Official Video)","253,264,648","56,328",2020/07
Chris Brown - Run It! (Official HD Video) ft. Juelz Santana,"241,187,319","57,768",2009/10
Pitbull - Fun (Official Video) ft. Chris Brown,"236,405,687","9,024",2015/06
Chris Brown - Love More (Explicit) ft. Nicki Minaj,"232,185,493","11,616",2013/08
Chris Brown - Yo (Excuse Me Miss) (Official HD Video),"213,530,904","41,088",2009/10
Chris Brown - Under The Influence (Audio),"213,310,177","26,832",2019/10
Chris Brown - Back To Sleep (Official Video),"211,465,239","34,008",2015/12
"Chris Brown, Tyga - Ayo (Audio)","202,170,475","52,992",2015/01
Chris Brown - Superhuman (Official HD Video) ft. Keri Hilson,"194,650,874","44,592",2009/10
Chris Brown - Residuals (Official Video),"192,422,566","248,928",2025/01
Chris Brown - Angel Numbers / Ten Toes (Official Video),"188,981,395","127,704",2024/02
Chris Brown - Questions (Official Video),"177,891,028","14,784",2017/08
"Chris Brown - Sensational (Official Video) ft. Davido, Lojay","157,764,157","62,424",2023/10
"Chris Brown - Deuces (Official HD Video) ft. Tyga, Kevin McCall","157,270,962","36,216",2010/07
Chris Brown - Little More (Royalty) [Explicit Version],"146,946,899","12,720",2015/12
"Rvssian, Rauw Alejandro & Chris Brown — Nostálgico (Official Video)","141,614,898","17,592",2021/09
Chris Brown - Undecided (Official Video),"131,997,857","13,296",2019/01
Chris Brown - Grass Ain't Greener (Official Video),"131,728,189","15,120",2016/08
"Nicki Minaj - Only (Official Lyric Video) ft. Drake, Lil Wayne, Chris Brown","130,854,624","2,832",2014/11
Chris Brown - Call Me Every Day (Official Video) ft. Wizkid,"124,579,038","31,992",2022/08
Chris Brown - Tempo (Official Video),"117,675,260","7,032",2018/03
Chris Brown - Don't Think They Know (Official Video) ft. Aaliyah,"116,808,151","7,056",2013/06
Chris Brown - Liquor / Zero (Explicit Version),"113,923,895","4,512",2015/09
Chris Brown - Fine China (Official Video),"112,526,452","7,104",2013/04
Chris Brown - This Christmas (Official HD Video),"103,661,586","1,176",2010/09
"Chris Brown - Deuces ft. Tyga, Kevin McCall","99,100,418","20,376",2010/07
Chris Brown - Wet the Bed (Audio) ft. Ludacris,"96,875,873","20,160",2011/09
Fat Joe - Another Round ft. Chris Brown (Official Music Video),"95,702,464","19,728",2012/08
Chris Brown - She Ain't You (Official Video),"91,493,698","11,376",2011/04
"Chris Brown - Wobble Up (Official Video) ft. Nicki Minaj, G-Eazy","90,264,738","4,992",2019/05
Joyner Lucas & Chris Brown - I Don't Die,"86,501,556","3,360",2018/05
Chris Brown - Wall To Wall (Official HD Video),"86,118,703","6,960",2009/10
"G-Eazy - Drifting (Official Video) ft. Chris Brown, Tory Lanez","85,095,455","5,136",2016/04
Chris Brown - Strip (Official Music Video) ft. Kevin McCall,"82,311,434","5,664",2011/12
Chris Brown - Hope You Do (Official Video),"81,668,166","9,648",2018/06
Chris Brown - Grass Ain't Greener (Official Audio),"75,438,415","15,144",2016/05
Future - PIE (Official Music Video) ft. Chris Brown,"73,246,120","2,280",2017/06
Chris Brown - Sweet Love (Official Video),"72,674,778","6,744",2012/05
Chris Brown - Autumn Leaves (Explicit) ft. Kendrick Lamar,"72,563,091","12,864",2015/01
"Chris Brown, Young Thug - Go Crazy (Audio)","71,969,473","3,672",2020/05
Chris Brown - Zero (Official Video),"70,176,358","4,872",2015/09
Chris Brown - Liquor (Official Audio),"67,593,577","7,392",2015/06
Chris Brown - Tempo (Audio),"66,173,574","2,472",2017/10
Brandy - Put It Down (Official Video) ft. Chris Brown,"65,086,620","4,104",2012/08
Chris Brown - Residuals (Visualizer),"64,049,524","20,184",2024/04
Chris Brown - Heat (Audio) ft. Gunna,"63,166,612","4,872",2019/06
"Chris Brown - I Can Transform Ya (Official HD Video) ft. Swizz Beatz, Lil' Wayne","62,238,055","8,856",2020/11
Chris Brown - Anyway (Explicit Version) ft. Tayla Parx,"60,056,844","1,824",2015/12
"Chris Brown - High End (Official Video) ft. Future, Young Thug","59,747,486","2,256",2017/10
Chris Brown - Indigo (Audio),"59,718,266","12,648",2019/06
Tyga - For The Road (Explicit) ft. Chris Brown,"59,330,226","2,784",2013/05
Chris Brown - Fine By Me (Official Video),"58,148,077","1,896",2015/11
Chris Brown - Angel Numbers / Ten Toes (Visualizer),"55,147,509","36,888",2023/11
Chris Brown - Take You Down (Official HD Video),"54,719,342","2,424",2009/10
Chris Brown - Wall to Wall (Remix) ft. Jadakiss (Official HD Video) ft. Jadakiss,"53,175,139","9,216",2009/10
Chris Brown - Privacy (Audio),"52,781,418","2,496",2017/03
"Chris Brown - New Flame (Official Video - Clean) ft. Usher, Rick Ross","51,686,117","5,592",2014/08
Chris Brown - It Depends (Audio) ft. Bryson Tiller,"50,736,762","75,984",2025/07
Chris Brown - To My Bed (Official Video),"48,532,956","4,224",2018/06
Chris Brown - Picture Me Rollin' (Explicit Version),"47,510,120","2,040",2015/12
Chris Brown - Liquor (Official Video - Clean),"47,223,281","6,168",2015/09
Kid Ink ft. Chris Brown - Main Chick (Official Lyric Video),"46,811,217","19,296",2014/03
Chris Brown - No Bullshit (Official HD Video),"44,818,518","9,528",2010/07
Chris Brown - Wrist (Official Video) ft. Solo Lucci,"44,349,111","4,200",2015/12
"Chris Brown, Young Thug - City Girls (Official Video)","44,090,266","5,328",2020/12
"August Alsina ft. Chris Brown & Trey Songz- ""I Luv This Shit"" [REMIX]","43,421,836","8,736",2013/10
"Deorro, Chris Brown - Five More Hours","43,050,952","5,832",2015/03
"Chris Brown - Till I Die ft. Big Sean, Wiz Khalifa","42,498,812","1,032",2012/06
Chris Brown - Back To Love (Official Video),"41,015,089","3,216",2019/04
T.I. - Get Back Up ft. Chris Brown [Official Video],"40,624,047","4,200",2010/11
Chris Brown - Psychic (Official Video) ft. Jack Harlow,"39,394,656","14,904",2023/02
Chris Brown - Summer Too Hot (Official Video),"39,040,865","14,496",2023/08
"Chris Brown, Tyga - Bitches N Marijuana (Official Video) ft. ScHoolboy Q","36,876,768","4,320",2015/06
"Chris Brown, Tyga - Bitches N Marijuana (Audio) ft. ScHoolboy Q","36,441,244","2,856",2015/02
Chris Brown - Overtime (Audio),"36,208,861","10,584",2019/10
Chris Brown - To My Bed (Audio),"35,235,092",672,2017/10
"Chris Brown, Young Thug - City Girls (Audio)","35,209,407","5,112",2020/05
Chris Brown - Fine China (Audio),"35,203,855","5,064",2013/04
Game - Pot Of Gold ft. Chris Brown,"34,826,674","1,512",2011/07
"Chris Brown - Go Crazy (Remix) (Official Video) ft. Young Thug, Future, Lil Durk, Latto","34,695,474","5,544",2021/04
Chris Brown - Hmmm (Official Video) feat. Davido,"34,470,120","10,560",2024/06
Chris Brown - Feel Something (Official Video),"34,240,542","25,776",2024/05
Chris Brown - Back To Sleep (Audio),"33,323,796","4,680",2015/11
Kid Ink - Show Me (Audio) ft. Chris Brown,"32,648,786","10,416",2013/09
"Jeremih - I Think Of You ft. Chris Brown, Big Sean","32,602,677","1,008",2017/04
Chris Brown - WE (Warm Embrace) (Official Video),"32,266,920","7,248",2022/06
Chris Brown - Come Together (Audio) ft. H.E.R.,"30,416,354","7,584",2019/06
Chris Brown - Don't Judge Me (Audio),"30,219,488","2,376",2012/08
"Deorro, Chris Brown - Five More Hours (Official Video) (Online Version)","29,097,237",336,2015/05
Chris Brown - Love More (Audio) ft. Nicki Minaj,"28,650,109","1,272",2013/07
Chris Brown - Iffy (Official Video),"28,022,740","2,856",2022/01
Chris Brown - X (Audio),"27,149,955","1,440",2014/08
"Chris Brown - Wobble Up (Audio) ft. Nicki Minaj, G-Eazy","26,767,181",216,2019/04
Chris Brown - Hope You Do (Audio),"25,517,226","3,504",2017/10
Chris Brown - Beautiful People (Official HD Video) ft. Benny Benassi,"24,973,488",456,2011/03
Chris Brown - Crawl (Official HD Video),"24,430,684","4,872",2009/11
"Chris Brown - Don't Check On Me (Audio) ft. Justin Bieber, Ink","23,525,589","2,184",2019/06
"Chris Brown, Tyga - Bes N Marijuana (Official Video - Clean) ft. ScHoolboy Q","23,335,121","1,608",2015/06
Chris Brown - C.A.B. (Catch A Body) (Official Video) ft. Fivio Foreign,"23,227,349","4,344",2022/06
Chris Brown - Call Me Every Day (Audio) ft. Wizkid,"22,389,995","3,192",2022/06
Chris Brown - Delusional (Visualizer),"22,327,000","20,088",2024/04
Chris Brown - Crawl,"21,238,511",192,2009/11
Rick Ross - Sorry (Audio) (Explicit) ft. Chris Brown,"20,341,134","3,792",2015/10
Chris Brown - Little More (Royalty) [Audio],"20,182,725","3,432",2015/12
"Chris Brown - Juicy Booty (Audio) ft. Jhené Aiko, R.Kelly","20,159,761","1,056",2017/10
Chris Brown - Press Me,"19,437,959","11,688",2024/05
Chris Brown - Zero (Audio),"19,254,941",936,2015/09
"Chris Brown - New Flame (Edited Version) ft. Usher, Rick Ross","18,589,385","4,896",2014/06
Chris Brown - Take You Down (Official Audio),"18,411,086","6,168",2019/11
Chris Brown - It Depends (Official Lyric Video) ft. Bryson Tiller,"18,401,866","20,544",2025/07
Chris Brown - Songs On 12 Play (Audio) ft. Trey Songz,"18,061,287","1,200",2014/09
"Kid Ink - Show Me REMIX (Audio) ft. Trey Songz, Juicy J, 2 Chainz, Chris Brown","17,418,947",912,2014/02
Chris Brown - Wheels Fall Off | From The Block @4ShootersOnly Performance,"17,282,836","5,760",2022/06
Chris Brown - Stutter (Visualizer),"16,986,744","12,288",2023/11
"Chris Brown - Look At Me Now (Clean Version) ft. Lil Wayne, Busta Rhymes","16,623,417","7,464",2011/03
Chris Brown - Don't Think They Know (Official Audio) ft. Aaliyah,"16,608,176","3,528",2013/06
"G-Eazy - Drifting (Audio) ft. Chris Brown, Tory Lanez","16,540,493",552,2015/11
Chris Brown - Shooter (Visualizer),"16,362,543","7,560",2023/11
Chris Brown - Who's Gonna (NOBODY) [Audio],"16,165,114","1,584",2015/12
Chris Brown - Love More (Official Video - Clean) ft. Nicki Minaj,"15,793,864",120,2013/08
Chris Brown - Holy Blindfold (Official Video),"15,647,596","25,656",2025/07
"Chris Brown - Only 4 Me (Audio) ft. Ty Dolla $ign, Verse Simmonds","15,168,036",576,2017/10
Chris Brown - Wrist (Audio) ft. Solo Lucci,"14,980,136","4,248",2015/12
Sevyn Streeter - Don't Kill The Fun ft. Chris Brown [Official Video],"14,729,293",,2015/02
Chris Brown - Make Love (Audio),"14,102,316","1,176",2015/12
Look At me Now - Justin Bieber and Chris Brown - Sydney Australia Surprise,"14,021,577",48,2011/04
"Chris Brown - Pills & Automobiles (Audio) ft. Yo Gotti, A Boogie Wit Da Hoodie, Kodak Black","13,647,555",840,2017/08
Chris Brown - Bouncing / G5 (Visualizer),"13,625,672","9,336",2023/11
Chris Brown - Feel Something (Visualizer),"13,446,924","9,576",2023/11
Chris Brown - Nightmares (Official Video) ft. Byron Messia,"13,334,191","3,336",2023/11
Pitbull - Fun (Lyric) ft. Chris Brown,"13,245,618",72,2015/06
"Chris Brown, Young Thug - Say You Love Me (Official Video)","13,109,478","1,296",2020/09
Chris Brown - Addicted (Audio) ft. Lil Baby,"12,991,490","2,736",2022/06
Chris Brown - Anyway (Official Audio) ft. Tayla Parx,"12,963,250",816,2015/12
Chris Brown - Lurkin' (Audio) ft. Tory Lanez,"12,799,916","3,240",2019/06
Chris Brown - Run It (Official HD Video),"12,787,796","2,256",2009/11
Chris Brown - Strip (Audio) ft. Kevin K-MAC McCall,"12,630,294",552,2011/11
Chris Brown - Little Bit (Audio),"12,545,015",888,2015/12
Chris Brown - You Like That (Audio),"12,535,466","3,384",2019/06
"Chris Brown, Tyga - Remember Me (Audio)","12,124,879",720,2015/02
Chris Brown - Lost & Found (Audio),"11,355,760",744,2017/10
"Chris Brown - Possessive (Audio) ft. Lil Wayne, BLEU","11,349,991","2,064",2022/06
Chris Brown - Talm' Bout (Official Video),"11,010,979","5,592",2023/05
Chris Brown - Confidence (Audio,"10,978,420",408,2017/10
Chris Brown - Dream (Audio),"10,905,882","5,808",2022/06
Chris Brown - Bruce Lee (Lyric Video),"10,720,779","7,488",2024/04
Chris Brown - WE (Warm Embrace) (Visualizer),"10,194,820","1,128",2022/04
Chris Brown - Girl Of My Dreams (Audio),"10,186,975","2,184",2019/06
Chris Brown - Psychic (Audio) ft. Jack Harlow,"10,136,207","1,152",2022/06
Chris Brown - Questions (Audio),"9,960,717",216,2017/08
Chris Brown - Sorry Enough (Audio),"9,858,861","1,224",2019/06
Chris Brown - Discover (Audio),"9,810,243","1,056",2015/12
Chris Brown - Heartbreak on a Full Moon (Audio),"9,566,823",936,2017/10
Chris Brown - U Did It (Official Audio) ft. Future,"9,048,793",768,2015/12
Chris Brown - BP / No Judgement (Audio),"8,989,033","1,440",2019/06
"Chris Brown - Loyal (West Coast Version) (Audio) ft. Lil Wayne, Too $hort","8,768,669","1,320",2013/12
Chris Brown - Everybody Knows (Audio),"8,758,740",504,2017/10
Chris Brown - Rock Your Body (Audio),"8,662,224",408,2017/10
Chris Brown - Blow It In The Wind (Audio),"8,528,402",912,2015/12
Chris Brown - Turn Up The Music (Official Audio),"8,440,261","1,152",2012/01
Chris Brown - On Me (Audio),"8,388,819","1,128",2017/10
Chris Brown - Fallin' (Official Video) ft. Leon Thomas,"8,331,630","118,200",2026/05
Chris Brown - Fine China Dance 1 Take,"8,122,845",576,2013/04
Chris Brown - Yellow Tape (Audio),"7,846,497",696,2017/10
Chris Brown - No One Else (Visualizer) ft. Fridayy,"7,823,889","12,336",2023/11
"Chris Brown - Emerald / Burgundy (Audio) ft. Juvenile, Juicy J","7,714,668",912,2019/06
Chris Brown - Survive The Night (Audio),"7,673,093","3,480",2022/06
"Chris Brown - Back To Sleep REMIX (Audio) ft. Usher, ZAYN","7,607,439","2,088",2016/02
Chris Brown - Sex Memories (Audio) ft. Ella Mai,"7,281,736","1,656",2022/06
Chris Brown - Proof (Audio),"7,273,022",456,2015/12
Chris Brown - Lower Body (Audio) ft. Davido,"7,214,422",744,2019/10
Chris Brown - I Can Transform Ya,"6,977,929",288,2009/10
Chris Brown - Picture Me Rollin' (Audio),"6,972,639",408,2015/12
"Chris Brown - Loyal (Edited Version) ft. Lil Wayne, Tyga","6,938,309","1,200",2014/03
Weakest Link,"6,890,456","6,912",2024/04
Chris Brown - I Love Her (Audio),"6,805,545",816,2017/10
Chris Brown - It's Giving Christmas,"6,555,333",576,2022/12
Chris Brown - Sweet Love (Audio),"6,531,381",456,2012/04
Chris Brown - Natural Disaster / Aura (Audio),"6,520,000",792,2019/06
Chris Brown - Hit My Line (Audio),"6,461,490","2,232",2022/07
Chris Brown - Under The Influence (Sped Up) (Audio),"6,262,917","1,776",2022/09
Chris Brown - Need You Right Here (Audio) ft. Bryson Tiller,"6,257,270","1,248",2022/06
Chris Brown - Closure (Audio) ft. H.E.R.,"6,128,777","1,728",2022/06
Chris Brown - Run Away (Visualizer) ft. Bryson Tiller,"6,057,103","3,192",2024/04
Chris Brown - Sip (Audio),"5,999,747",864,2017/10
Chris Brown - Other Niggas (Audio),"5,998,415",168,2017/10
Chris Brown - That's On You (Visualizer) ft. Future,"5,943,640","2,112",2023/11
Chris Brown - Press Me (Visualizer),"5,782,072","2,256",2023/11
"Joyner Lucas, Chris Brown - Stranger Things (Official Music Video)","5,748,879",408,2018/02
Chris Brown - Summer Too Hot (Visualizer),"5,700,759","1,296",2023/06
Chris Brown - Pitch Black (Audio),"5,499,913","1,224",2022/06
Chris Brown - No Time Like Christmas,"5,446,907",456,2022/12
Chris Brown - Temporary Lover (Audio) ft. Lil Jon,"5,423,125",432,2019/06
"Chris Brown - Handle It (Audio) ft. DeJ Loaf, Lil Yachty","5,362,407",288,2017/10
Chris Brown - Tough Love (Audio),"5,358,817",432,2017/10
Chris Brown - Sleep At Night (Audio),"5,299,508","1,656",2022/06
Chris Brown - Roses (Audio),"5,297,879",408,2017/10
Chris Brown - Covered In You (Audio),"5,212,085",528,2017/10
Chris Brown - Tell Me How You Feel (Audio) ft. Tory Lanez,"5,175,727",744,2019/10
Chris Brown - Holy Blindfold (Lyric Video),"5,175,170","5,376",2025/06
"Chris Brown, Young Thug - Trap Back (Audio) ft. Major Nine","5,168,092",336,2020/05
"Chris Brown, Tyga - Ayo (Behind The Scenes)","5,130,908",48,2015/03
Chris Brown - All I Want (Audio) ft. Tyga,"5,072,197",480,2019/06
Chris Brown - Welcome To My Life (Audio) ft. Cal Scruby,"5,048,573",120,2017/06
"Chris Brown, Young Thug - Say You Love Me (Audio)","5,040,163",264,2020/05
Chris Brown - Pull Up (Audio),"4,957,132",504,2017/10
Chris Brown - Reddi Wip (Audio),"4,884,959",408,2017/10
Chris Brown - Juice (Audio),"4,874,039",480,2019/06
Chris Brown - Red (Audio),"4,798,563",576,2019/06
Chris Brown - On Purpose (Audio) ft. AGNEZ MO,"4,790,865",120,2017/12
Chris Brown - Summer Breeze (Audio),"4,788,687",480,2017/10
"Chris Brown - Till The Wheels Fall Off (Audio) ft. Lil Durk, Capella Grey","4,745,757",888,2022/06
Chris Brown - Even (Audio),"4,737,566",912,2017/10
"Chris Brown - Go Crazy (Remix) (Audio) ft. Young Thug, Future, Lil Durk, Latto","4,667,944",312,2021/02
"Chris Brown - It Depends (The Remix) (Audio) ft. Bryson Tiller, Usher","4,659,410","6,504",2025/10
Chris Brown - C.A.B. (Catch A Body) (Official Video) ft. Fivio Foreign,"4,625,973",888,2022/06
"Chris Brown, Young Thug - Big Slimes (Audio) ft. Gunna, Lil Duke","4,537,161",312,2020/05
Chris Brown - KAE (Audio),"4,507,633",216,2015/12
Chris Brown - No Exit (Audio),"4,503,696",624,2017/10
"Chris Brown, Tyga - Ayo (Official Lyric Video)","4,405,980",168,2015/01
Chris Brown - Moonlight (Visualizer),"4,405,480","2,400",2023/11
Chris Brown - Dear God (Audio),"4,321,028",744,2019/06
Chris Brown - All On Me (Audio),"4,241,944","1,248",2019/06
Chris Brown - Trust Issues / Act In (Audio),"4,208,622",480,2019/06
Chris Brown - Next To You (Behind The Scenes) ft. Justin Bieber,"4,194,656",24,2011/07
Chris Brown - Petty (Audio),"4,186,944","1,056",2022/07
Chris Brown - Paradise (Audio),"4,184,670",408,2017/10
"Chris Brown, Young Thug - I Got Time (Audio) ft. Shad Da God","4,162,007",288,2020/05
Chris Brown - Make Up Your Mind (Visualizer),"4,109,205","1,536",2023/11
"Chris Brown - Need A Stack (Audio) ft. Lil Wayne, Joyner Lucas","4,003,608",312,2019/06
Chris Brown - Show It (Audio) ft. Blxst,"3,993,227","1,200",2022/06
Chris Brown - Play Catch Up (Audio),"3,954,721",696,2019/06
Chris Brown - Hmhmm (Audio),"3,912,391",744,2022/06
Chris Brown - My Slime (Visualizer),"3,785,169","2,640",2024/04
Chris Brown - Sensational feat. Davido & Lojay (Official Audio),"3,728,155","1,656",2023/10
Chris Brown - Messed Up (Visualizer),"3,691,575","1,416",2023/11
Chris Brown - Flashbacks (Audio),"3,657,974",504,2019/10
Chris Brown - Sexy (Audio) ft. Trey Songz,"3,646,885",360,2019/06
"Chris Brown - Loyal (East Coast Version) (Audio) ft. Lil Wayne, French Montana","3,645,440",432,2013/12
Chris Brown - Sensei (Audio) ft. A1,"3,635,109",264,2017/10
Chris Brown - Troubled Waters (Audio),"3,621,313",600,2019/06
Chris Brown - Sex So Good (Visualizer),"3,607,705","1,920",2024/04
Chris Brown - Nowhere (Audio),"3,591,117",336,2017/10
Chris Brown - Problem With You (Audio),"3,540,846",480,2019/10
Chris Brown - Hands Up (Audio),"3,506,775",168,2017/12
Chris Brown - Red Flags (Visualizer),"3,495,467","1,464",2023/11
Outy When I Drive/Blamed (Audio),"3,443,993",456,2019/10
Chris Brown - If You're Down (Audio),"3,434,441",264,2017/10
Chris Brown - Hate Me Tomorrow (Audio),"3,432,684","2,688",2022/07
Chris Brown - Hmmm (Visualizer) ft. Davido,"3,349,530",552,2024/04
Chris Brown - No Interruptions (Visualizer),"3,326,922","1,344",2024/04
Chris Brown - Frustrated (Audio),"3,315,578",240,2017/10
Chris Brown - Obvious (Audio),"3,303,026","57,960",2026/04
Chris Brown - Nobody Has To Know (Audio) ft. Davido,"3,295,764",744,2022/07
Chris Brown - Day One (Audio),"3,246,417",264,2015/12
Chris Brown - On Some New Shit (Audio),"3,236,628",768,2022/06
Chris Brown - Trust Me (Audio),"3,205,572",240,2017/12
Chris Brown - Part Of The Plan (Audio),"3,197,976",744,2019/06
Chris Brown - Need A Friend (Visualizer),"3,185,580","1,272",2023/11
Chris Brown - Don't Judge Me (Dave Aude Remix) UK Video (Official Video),"3,177,877",144,2012/11
Chris Brown - Bite My Tongue (Audio),"3,117,457",312,2017/10
Chris Brown - Love More (Behind The Scenes) ft. Nicki Minaj,"3,097,434",24,2013/09
"Chris Brown, Young Thug - She Bumped Her Head (Audio) ft. Gunna","3,084,506",312,2020/05
Chris Brown - No Filter (Audio),"3,084,241",168,2015/12
Chris Brown - Nose Dive (Audio),"3,078,470",408,2019/10
Chris Brown - For The Moment (Official Video),"3,065,298","112,992",2026/05
Chris Brown - Don't Judge Me (Behind The Scenes),"3,062,836",24,2012/10
Chris Brown - Luckiest Man (Audio),"3,050,458","1,416",2022/06
Chris Brown - Midnight Freak (Visualizer),"3,042,147","1,176",2023/11
"Chris Brown - New Flame (Lyric) ft. Usher, Rick Ross","3,037,693",0,2014/09
Chris Brown - Yoppa (Audio) ft. Trippie Redd,"3,037,333",96,2017/12
"Chris Brown, Young Thug - Stolen (Audio)","3,030,829",336,2020/05
Chris Brown - This Ain't (Audio),"3,014,004",432,2017/10
Chris Brown - Feelings Don't Lie (Visualizer),"2,990,433","1,152",2023/11
Chris Brown - Slide (Audio),"2,950,365","1,512",2022/06
Chris Brown - Water (Audio),"2,941,608",192,2017/12
Chris Brown - Technology (Audio),"2,763,244",360,2019/10
Chris Brown - Passing Time (Audio),"2,712,285",840,2022/06
Young Thug - Help Me Breathe (Audio) ft. Future,"2,707,141",144,2020/05
Chris Brown - Go Girlfriend (Visualizer),"2,705,791","1,056",2024/04
Chris Brown - Hurt The Same (Audio),"2,696,902",288,2017/10
Chris Brown - Tell Me What To Do (Audio),"2,650,158",336,2017/10
"Chris Brown - Freak (Visualizer) ft. Lil Wayne, Joyner Lucas, Tee Grizzley","2,622,459","1,008",2024/04
"Chris Brown - Loyal (Behind the Scenes) ft. Lil Wayne, Tyga","2,602,470",48,2014/04
Chris Brown - Harder (Audio),"2,573,413",648,2022/06
Chris Brown - Best Ever (Visualizer) ft. Maeta,"2,568,429",768,2023/11
Chris Brown - Enemy (Audio),"2,566,376",312,2017/10
Chris Brown - Run Away (Audio),"2,553,177",480,2017/10
Chris Brown - Go Girlfriend (Official Video),"2,527,094",936,2024/05
Chris Brown - Take A Risk (Audio),"2,509,031",384,2019/06
"Chris Brown, Young Thug - Animal (Audio)","2,505,922",288,2020/05
Chris Brown - Cheetah (Audio),"2,372,565",384,2019/06
Chris Brown - Throw It Back (Audio),"2,357,926",288,2019/06
Chris Brown - Bad Then A Beach (Audio) ft. Tory Lanez,"2,349,604",456,2022/06
Chris Brown - In The City (Audio),"2,332,749",840,2022/07
Chris Brown - Views (Visualizer),"2,313,581","1,344",2023/11
Chris Brown - You Like (Audio),"2,290,544",168,2017/10
Chris Brown - Very Special (Visualizer),"2,189,831",600,2023/11
Chris Brown - Hangover (Audio),"2,149,218",96,2017/10
Chris Brown - Going At It (Audio),"2,146,626",408,2019/10
Chris Brown - Emotions (Audio),"2,136,172",288,2017/10
Chris Brown - Sweet Lullaby (Visualizer),"2,058,414","1,272",2024/04
Chris Brown - Who's Gonna (NOBODY) (Remix) (Official Audio) ft. Keith Sweat,"2,040,722",48,2016/02
Chris Brown - This X-Mas (Audio) ft. Ella Mai,"2,033,903",24,2017/12
"Chris Brown - Undrunk (Audio) ft. Too $hort, E-40","2,026,215",216,2020/05
Chris Brown - This Way (Audio),"2,024,123",192,2017/10
Chris Brown - Forbidden (Audio),"1,993,521",432,2022/06
"Chris Brown, Young Thug - I Ain't Tryin' (Audio)","1,975,908",336,2020/05
Chris Brown - Side Nigga (Audio),"1,944,916",192,2019/06
Chris Brown - Turn Up The Music / Beautiful People (54th GRAMMYs on CBS) ft. Benny Benassi,"1,920,221",168,2012/02
Chris Brown - Closer (Visualizer),"1,919,910","1,728",2023/11
Chris Brown - It's Giving Christmas (Audio),"1,866,038",72,2022/11
Chris Brown - Run It! (Live),"1,850,418",72,2014/10
Chris Brown - New Flame(Dave Audé Remix) [Audio] ft. Usher,"1,846,282",24,2014/10
"Chris Brown, Tyga - Ayo (Jason Nevins Remix) [Audio]","1,842,103",168,2015/02
Chris Brown - Won't Keep You Waiting (Lyric Video) ft. Mario,"1,839,251",984,2024/04
Chris Brown - Same St (Audio),"1,820,277",144,2017/12
Indigoat Tour (Behind The Scenes),"1,790,626",0,2019/08
"Chris Brown - Back To Sleep (Legends Remix) [Audio] ft. Tank, R.Kelly, Anthony Hamilton","1,716,824",192,2016/04
"Chris Brown, Young Thug - City Girls (Behind The Scenes)","1,678,674",24,2020/12
Chris Brown - Fine China (Behind the Scenes),"1,615,423",0,2013/04
Chris Brown - Special Delivery (Audio),"1,524,006",312,2022/07
Chris Brown - I Wanna (Audio),"1,484,869",72,2017/12
Chris Brown - New Flame feat. Usher & Rick Ross - Behind The Scenes,"1,475,928",24,2014/09
Chris Brown - Secret (Audio) ft. Solo Lucci,"1,463,717",48,2017/12
Chris Brown - Don't Slow Me Down (Audio),"1,440,252",48,2017/12
Chris Brown - Get Off (Audio),"1,423,213",48,2017/12
Chris Brown - Don't Wake Me Up - BTS,"1,398,141",24,2012/06
"Chris Brown - Till I Die (Audio) ft. Big Sean, Wiz Khalifa","1,343,380",72,2012/04
Chris Brown - Leave Me Alone (Audio),"1,342,855","45,336",2026/05
Chris Brown - Till I Die - BTS,"1,330,325",0,2012/06
Chris Brown - The Making of 'Angel Numbers / Ten Toes' (Vevo Footnotes),"1,268,869","2,136",2024/04
Chris Brown - No Bull (Official Video - Clean),"1,227,318",24,2011/04
Chris Brown - Talm' Bout (Audio),"1,188,387",144,2022/07
Chris Brown - Nightmares (Audio) ft. Byron Messia,"1,183,772",264,2023/11
"Chris Brown ""Fine China - One Take Dance Performance""","1,172,875",72,2013/04
Chris Brown - Chris Brown On Tour,"1,166,028",120,2011/03
Chris Brown - Hate Being Human (Audio),"1,067,323",624,2022/07
Chris Brown - Afterlife (Visualizer),"1,056,049",600,2024/04
Chris Brown - Something In The Water (Audio),"978,272","62,472",2026/05
Chris Brown - Inner Peace (Audio) ft. Anderson .Paak,"940,204",247,2022/07
Chris Brown - No Such Thing (Audio) ft. Hoodybaby,"911,183",92,2020/05
Chris Brown - Undecided (Behind The Scenes),"908,722",50,2019/01
Chris Brown - Journey To South Africa (Official Video),"906,267",15,2011/03
Chris Brown - No Time Like Christmas (Audio),"901,226","125,748",2022/11
Chris Brown - Let St Go (Audio),"899,965",39,2017/12
Chris Brown - Red Rum (Audio) ft. YoungBoy Never Broke Again,"817,467","24,720",2026/05
Chris Brown - Fuse Interview,"805,643",,2012/06
Chris Brown - Honey Pack (Audio),"792,151","35,904",2026/05
Chris Brown - It's Not You It's Me (Audio),"787,180","39,288",2026/05
Chris Brown - Behind The Scenes - Kiss Kiss ft. T-Pain,"722,593",29,2011/03
Chris Brown - Exclusive: In Store Footage,"710,579",17,2009/10
Chris Brown - VEVO News: Behind The Scenes of “Turn Up The Music”,"709,176",17,2012/02
"Chris Brown - #VevoCertified, Pt 5: Look At Me Now (Chris Commentary)","693,047",7,2014/08
Chris Brown - Summer Too Hot (Sped Up (Audio)),"665,237",130,2023/06
Chris Brown - Perfect Timing (Audio) ft. Fridayy,"659,873","32,620",2026/05
Chris Brown - Present (Audio),"595,117","41,386",2026/05
Chris Brown - What's Love (Audio),"593,507","30,151",2026/05
"Chris Brown - Call Your Name (Audio) ft. Sexyy Red, GloRilla","574,577","33,027",2026/05
Chris Brown - Hate Me (Audio),"472,399","27,896",2026/05
Chris Brown - Won't Let Me Leave (Audio),"470,758","29,702",2026/05
Chris Brown - Colours (Audio),"444,724","24,523",2026/05
Chris Brown - In My Head (Audio),"442,072","24,500",2026/05
Chris Brown - Fuck and Party (Audio) ft. Vybz Kartel,"431,437","21,504",2026/05
"Chris Brown - #VevoCertified, Pt 2: Awards Presentation","429,920",14,2014/08
Under The Influence Tour: Ep. 1 Rehearsals,"419,234",76,2023/02
"Chris Brown - #VevoCertified, Pt 6: Turn Up The Music (Chris Commentary)","411,496",3,2014/08
Under The Influence Tour: Episode Two,"408,497",43,2023/03
Under The Influence Tour: Episode Three,"404,066",47,2023/03
"Chris Brown - #VevoCertified, Pt 1: Chris Brown Talks About His Fans","395,634",6,2014/08
Chris Brown - Slow Jamz (Audio) ft. Lucky Daye,"390,397","21,885",2026/05
Chris Brown - Say Nothin' (Audio),"380,877","23,874",2026/05
Chris Brown - Cry For Me (Audio),"371,534","20,764",2026/05
Chris Brown - For The Moment (Audio),"368,901","22,777",2026/05
Chris Brown - Chris Brown Fan Q&A,"333,306",12,2011/03
Under The Influence Tour: Episode Four,"327,125",51,2023/06
"Chris Brown - #VevoCertified, Pt 7: Yeah 3X (Fan Lip Sync Version)","321,970",2,2014/08
Chris Brown - #BODYGOALS (Audio) ft. Tank,"309,019","16,925",2026/05
"Chris Brown - #VevoCertified, Pt 3: Chris Brown on Making Music Videos","306,307",2,2014/08
Chris Brown - Go Girlfriend (BTS Video),"302,537",74,2024/05
Chris Brown - It's Personal (Audio),"301,437","16,081",2026/05
"Chris Brown - #VevoCertified, Pt 4: Chris Brown On Directing Music Videos","298,169",2,2014/08
Chris Brown - Your Time (Audio),"285,796","13,939",2026/05
Chris Brown - Chris Brown Album Commentary,"285,315",7,2011/03
Chris Brown - Fuse Interview,"248,963",4,2012/06
Chris Brown - Theme Song (Audio),"237,762","13,204",2026/05
Chris Brown - Skin To Skin (Audio),"213,461","11,785",2026/05
"Official ""Don't Judge Me"" Behind The Scenes","180,874",7,2012/10
"Chris Brown X Tyga - Between The Sheets Tour - Brooklyn, NYC","170,918",3,2015/03
