Song Title,Artist,Debut Date,Peak Position,Peak Date,Weeks on Chart
Run It!,Chris Brown,27/08/2005,1,26/11/2005,38
Kiss Kiss,Chris Brown Featuring T-Pain,29/09/2007,1,10/11/2007,26
Forever,Chris Brown,10/05/2008,2,16/08/2008,33
With You,Chris Brown,15/12/2007,2,16/02/2008,29
Go Crazy,Chris Brown & Young Thug,23/05/2020,3,06/03/2021,52
No Air,Jordin Sparks Duet With Chris Brown,19/01/2008,3,26/04/2008,35
No Guidance,Chris Brown Featuring Drake,22/06/2019,5,05/10/2019,46
Look At Me Now,Chris Brown Featuring Lil Wayne & Busta Rhymes,19/02/2011,6,16/04/2011,27
Yo (Excuse Me Miss),Chris Brown,31/12/2005,7,18/02/2006,21
Superhero (Heroes & Villains),"Metro Boomin, Future & Chris Brown",17/12/2022,8,17/12/2022,24
Freaky Friday,Lil Dicky Featuring Chris Brown,31/03/2018,8,07/04/2018,20
Loyal,Chris Brown Featuring Lil Wayne & French Montana Or Too $hort Or Tyga,01/02/2014,9,03/05/2014,36
Shortie Like Mine,Bow Wow Featuring Chris Brown & Johnta Austin,21/10/2006,9,16/12/2006,21
Don't Wake Me Up,Chris Brown,09/06/2012,10,10/11/2012,28
Say Goodbye,Chris Brown,26/08/2006,10,11/11/2006,23
Turn Up The Music,Chris Brown,03/03/2012,10,03/03/2012,20
Shawty Get Loose,Lil Mama Featuring Chris Brown & T-Pain,08/03/2008,10,05/04/2008,12
Under The Influence,Chris Brown,24/09/2022,12,21/01/2023,41
Only,"Nicki Minaj Featuring Drake, Lil Wayne & Chris Brown",15/11/2014,12,27/12/2014,25
Post To Be,Omarion Featuring Chris Brown & Jhene Aiko,24/01/2015,13,09/05/2015,37
Show Me,Kid Ink Featuring Chris Brown,05/10/2013,13,05/04/2014,31
International Love,Pitbull Featuring Chris Brown,18/06/2011,13,11/02/2012,26
Deuces,Chris Brown Featuring Tyga & Kevin McCall,17/07/2010,14,16/10/2010,27
Yeah 3X,Chris Brown,13/11/2010,15,29/01/2011,24
Gimme That,Chris Brown Featuring Lil Wayne,22/04/2006,15,17/06/2006,20
It Depends,Chris Brown Featuring Bryson Tiller,09/08/2025,16,01/11/2025,33
Get Like Me,David Banner Featuring Chris Brown,24/05/2008,16,23/08/2008,21
Dreamer,Chris Brown,30/08/2008,16,30/08/2008,2
Back To Sleep,Chris Brown,02/01/2016,20,19/03/2016,20
I Can Transform Ya,Chris Brown Featuring Lil Wayne & Swizz Beatz,24/10/2009,20,12/12/2009,19
Ayo,Chris Brown & Tyga,24/01/2015,21,11/04/2015,20
All Eyes On You,Meek Mill Featuring Chris Brown & Nicki Minaj,11/07/2015,21,15/08/2015,20
Love More,Chris Brown Featuring Nicki Minaj,10/08/2013,23,09/11/2013,26
Birthday Cake,Rihanna Featuring Chris Brown,10/03/2012,24,05/05/2012,20
Not You Too,Drake Featuring Chris Brown,16/05/2020,25,16/05/2020,1
Next To You,Chris Brown Featuring Justin Bieber,09/04/2011,26,09/04/2011,3
New Flame,Chris Brown Featuring Usher & Rick Ross,19/07/2014,27,04/10/2014,22
She Ain't You,Chris Brown,30/04/2011,27,06/08/2011,20
Do You Mind,"DJ Khaled Featuring Nicki Minaj, Chris Brown, August Alsina, Jeremih, Future & Rick Ross",27/08/2016,27,10/12/2016,20
My Last,Big Sean Featuring Chris Brown,19/03/2011,30,23/07/2011,21
It Won't Stop,Sevyn Streeter Featuring Chris Brown,19/10/2013,30,21/12/2013,20
Fine China,Chris Brown,20/04/2013,31,08/06/2013,16
Best Love Song,T-Pain Featuring Chris Brown,09/04/2011,33,09/04/2011,20
What Them Girls Like,Ludacris Co-Starring Chris Brown & Sean Garrett,13/09/2008,33,01/11/2008,14
Undecided,Chris Brown,19/01/2019,35,19/01/2019,12
Heat,Chris Brown Featuring Gunna,14/09/2019,36,23/11/2019,20
Strip,Chris Brown Featuring Kevin K-MAC McCall,10/12/2011,37,31/03/2012,20
Better With The Lights Off,New Boyz Feat. Chris Brown,21/05/2011,38,22/10/2011,19
Drop It Low,Ester Dean Featuring Chris Brown,26/09/2009,38,31/10/2009,17
Freeze,T-Pain Featuring Chris Brown,01/11/2008,38,01/11/2008,10
Hold You Down,"DJ Khaled Featuring Chris Brown, August Alsina, Future & Jeremih",20/09/2014,39,29/11/2014,20
Residuals,Chris Brown,24/08/2024,40,08/02/2025,35
Party,Chris Brown Featuring Usher & Gucci Mane,07/01/2017,40,11/02/2017,20
Fun,Pitbull Featuring Chris Brown,30/05/2015,40,11/07/2015,15
Poppin',Chris Brown Featuring Jay Biz,16/12/2006,42,17/02/2007,20
Take You Down,Chris Brown,03/05/2008,43,14/06/2008,20
Beautiful People,Chris Brown Featuring Benny Benassi,17/09/2011,43,17/09/2011,4
I Can Only Imagine,David Guetta Featuring Chris Brown & Lil Wayne,03/03/2012,44,06/10/2012,14
Pills And Automobiles,"Chris Brown Featuring Yo Gotti, A Boogie Wit da Hoodie & Kodak Black",30/09/2017,46,02/12/2017,20
Right By My Side,Nicki Minaj Featuring Chris Brown,21/04/2012,51,21/04/2012,15
Whatever You Need,Meek Mill Featuring Chris Brown & Ty Dolla $ign,24/06/2017,51,12/08/2017,13
Beat It,Sean Kingston Featuring Chris Brown & Wiz Khalifa,04/05/2013,52,20/07/2013,18
Crawl,Chris Brown,12/12/2009,53,09/01/2010,9
Baddest,"Yung Bleu, Chris Brown & 2 Chainz",14/08/2021,56,16/10/2021,20
Obvious,Chris Brown,25/04/2026,57,25/04/2026,5
Jealous,"DJ Khaled Featuring Chris Brown, Lil Wayne & Big Sean",01/06/2019,57,01/06/2019,1
Take It To The Head,"DJ Khaled Featuring Chris Brown, Rick Ross, Nicki Minaj & Lil Wayne",21/04/2012,58,28/07/2012,20
Main Chick,Kid Ink Featuring Chris Brown,31/05/2014,60,09/08/2014,20
Liquor,Chris Brown,12/09/2015,60,31/10/2015,17
No BS,Chris Brown,25/12/2010,62,05/02/2011,18
Privacy,Chris Brown,20/05/2017,62,15/07/2017,17
This Christmas,Chris Brown,08/12/2007,62,05/01/2008,5
Come Through,H.E.R. Featuring Chris Brown,08/05/2021,64,08/05/2021,18
Woo Baby,Pop Smoke Featuring Chris Brown,31/07/2021,64,31/07/2021,3
Provide,G-Eazy Featuring Chris Brown & Mark Morrison,20/02/2021,64,20/02/2021,1
Put It Down,Brandy Featuring Chris Brown,01/09/2012,65,03/11/2012,14
Body 2 Body,Ace Hood Featuring Chris Brown,01/10/2011,65,19/11/2011,13
The Take,Tory Lanez Featuring Chris Brown,30/11/2019,66,30/11/2019,1
Don't Judge Me,Chris Brown,17/11/2012,67,05/01/2013,20
Don't Check On Me,Chris Brown Featuring Justin Bieber & Ink,13/07/2019,67,13/07/2019,1
How Many Times,"DJ Khaled Featuring Chris Brown, Lil Wayne & Big Sean",30/05/2015,68,04/07/2015,15
Baby,Summer Walker & Chris Brown,29/11/2025,68,29/11/2025,1
Get Back Up,T.I. Featuring Chris Brown,20/11/2010,70,20/11/2010,1
Make A Movie,Twista Featuring Chris Brown,27/11/2010,71,01/01/2011,14
Do It Again,Pia Mia Featuring Chris Brown & Tyga,18/07/2015,71,22/08/2015,11
Iffy,Chris Brown,29/01/2022,71,29/01/2022,8
Sensational,Chris Brown Featuring Davido & Lojay,03/02/2024,71,16/03/2024,8
Grass Ain't Greener,Chris Brown,17/09/2016,71,17/09/2016,4
Call Me Everyday,Chris Brown Featuring WizKid,09/07/2022,76,09/07/2022,1
Wishing,"DJ Drama Featuring Chris Brown, Skeme & Lyquin",03/09/2016,77,22/10/2016,14
Wet The Bed,Chris Brown Feat. Ludacris,24/09/2011,77,15/10/2011,10
Questions,Chris Brown,09/09/2017,78,25/11/2017,13
Psychic,Chris Brown Featuring Jack Harlow,09/07/2022,78,09/07/2022,1
Easy,DaniLeigh Featuring Chris Brown,16/11/2019,79,11/01/2020,15
Wall To Wall,Chris Brown,16/06/2007,79,30/06/2007,9
WE (Warm Embrace),Chris Brown,09/07/2022,79,09/07/2022,1
Another Round,Fat Joe Featuring Chris Brown,21/04/2012,80,05/05/2012,6
Zero,Chris Brown,09/01/2016,80,09/01/2016,2
Fallin',Chris Brown Featuring Leon Thomas,16/05/2026,80,23/05/2026,2
Celebration,"Game Featuring Chris Brown, Tyga, Wiz Khalifa & Lil Wayne",06/10/2012,81,12/01/2013,12
Don't Think They Know,Chris Brown Featuring Aaliyah,13/07/2013,81,20/07/2013,2
High End,Chris Brown Featuring Future & Young Thug,04/11/2017,82,04/11/2017,2
Play No Games,Big Sean Featuring Chris Brown & Ty Dolla $ign,18/07/2015,84,18/07/2015,14
For The Moment,Chris Brown,23/05/2026,85,23/05/2026,1
Tempo,Chris Brown,17/03/2018,88,14/04/2018,4
As Your Friend,Afrojack Featuring Chris Brown,09/03/2013,88,09/03/2013,3
What I Do,Chris Brown Featuring Plies,26/12/2009,88,26/12/2009,1
Sweet Love,Chris Brown,05/05/2012,89,05/05/2012,1
Holy Blindfold,Chris Brown,28/06/2025,89,28/06/2025,1
Light It Up,"Marshmello, Tyga & Chris Brown",11/05/2019,90,11/05/2019,1
Stranger Things,Joyner Lucas & Chris Brown,17/03/2018,91,17/03/2018,1
Little More (Royalty),Chris Brown,09/01/2016,91,09/01/2016,1
Die Alone,Gunna & Chris Brown Featuring Yung Bleu,22/01/2022,92,22/01/2022,1
Honey Pack,Chris Brown,23/05/2026,92,23/05/2026,1
Addicted,Chris Brown Featuring Lil Baby,09/07/2022,92,09/07/2022,1
Ready,Fabolous Featuring Chris Brown,27/04/2013,93,18/05/2013,8
Summer Too Hot,Chris Brown,02/09/2023,93,02/09/2023,4
Something New,Zendaya Featuring Chris Brown,26/03/2016,93,02/04/2016,3
You Changed Me,Jamie Foxx Featuring Chris Brown,13/06/2015,93,13/06/2015,2
Hotel,Kid Ink Featuring Chris Brown,21/02/2015,96,21/02/2015,1
Sorry,Rick Ross Featuring Chris Brown,26/12/2015,97,26/12/2015,1
IDGAF,"Tee Grizzley, Mariah The Scientist & Chris Brown",20/01/2024,98,03/02/2024,2
Possessive,Chris Brown Featuring Lil Wayne & BLEU,09/07/2022,98,09/07/2022,1
Drifting,G-Eazy Featuring Chris Brown & Tory Lanez,26/12/2015,98,26/12/2015,1
X,Chris Brown,04/10/2014,98,04/10/2014,1
