Song Title,Streams,Daily
Under The Influence,"1,859,868,820","536,382"
No Guidance (feat. Drake),"1,314,736,433","476,304"
Superhero (Heroes & Villains) [with Future & Chris Brown],"1,034,554,004","328,897"
Five More Hours,"962,576,418","225,844"
International Love (feat. Chris Brown),"898,878,785","582,930"
Go Crazy,"864,194,073","217,968"
Forever,"842,170,219","559,999"
Loyal (feat. Lil Wayne & Tyga),"796,485,217","309,777"
Freaky Friday (feat. Chris Brown),"795,545,547","174,805"
Ayo,"717,686,290","187,496"
With You,"711,935,036","451,477"
No Air (feat. Chris Brown),"667,842,283","214,877"
Only,"639,099,485","87,253"
Do It Again,"636,857,851","151,349"
Nostálgico,"631,824,516","223,103"
Post to Be (feat. Chris Brown & Jhene Aiko),"570,191,216","197,739"
Not You Too (feat. Chris Brown),"569,101,130","720,721"
Look At Me Now (feat. Lil' Wayne & Busta Rhymes),"528,515,338","186,545"
Run It! (feat. Juelz Santana),"528,023,335","270,117"
Show Me (feat. Chris Brown),"477,843,667","196,050"
Yo (Excuse Me Miss),"476,887,135","149,859"
All Eyes on You (feat. Chris Brown & Nicki Minaj),"465,593,732","183,445"
Algo Me Gusta De Ti,"451,985,102","243,648"
Kiss Kiss (feat. T-Pain),"450,577,829","276,172"
New Flame (feat. Usher & Rick Ross),"445,703,834","132,993"
Angel Numbers / Ten Toes,"429,321,093","236,462"
Next To You (feat. Justin Bieber),"398,960,870","274,301"
Easy - Remix,"381,159,031","96,678"
Questions,"370,634,981","38,345"
The Take (feat. Chris Brown),"363,565,962","72,351"
It Won't Stop (feat. Chris Brown) - EP Version,"362,943,838","160,195"
Party (feat. Usher & Gucci Mane),"352,350,082","95,801"
Deuces (feat. Tyga & Kevin McCall),"325,511,315","124,672"
Yeah 3x,"314,436,168","81,641"
Say Goodbye,"270,825,682","117,129"
Monalisa,"269,383,205","120,783"
"Slide (Remix) (feat. Pop Smoke, A Boogie Wit da Hoodie & Chris Brown) (feat. Pop Smoke)","265,888,751","40,169"
"Pills & Automobiles (feat. Yo Gotti, A Boogie Wit Da Hoodie & Kodak Black)","265,634,879","36,728"
Grass Ain't Greener,"260,300,289","62,153"
Privacy,"247,804,466","37,774"
Back To Sleep,"243,181,560","69,785"
Residuals,"241,227,285","224,819"
Already Best Friends (feat. Chris Brown),"237,812,947","60,208"
Take You Down,"237,739,936","67,813"
Nobody's Business,"233,513,326","181,725"
Girl You Loud,"232,738,454","343,937"
Beat It (feat. Chris Brown & Wiz Khalifa),"223,169,806","224,769"
"Do You Mind (feat. Nicki Minaj, Chris Brown, August Alsina, Jeremih, Future & Rick Ross)","222,655,494","76,296"
Come Through (feat. Chris Brown),"216,143,038","43,218"
Fun (feat. Chris Brown),"215,858,322","27,466"
Don't Wake Me Up,"214,517,801","38,371"
Beautiful People,"212,197,433","57,187"
Turn Up the Music,"211,972,687","43,173"
Heat (feat. Gunna),"209,031,089","39,591"
Woo Baby (feat. Chris Brown),"205,185,855","46,306"
Undecided,"203,375,321","23,541"
Call Me Every Day (feat. Wizkid),"203,282,254","75,796"
Wet The Bed (feat. Ludacris),"200,687,498","69,631"
Main Chick (feat. Chris Brown),"196,324,273","151,496"
Don't Check On Me (feat. Justin Bieber & Ink),"192,131,644","24,813"
Stranger Things,"191,791,702","18,889"
Whatchamacallit (feat. Chris Brown),"179,772,686","59,353"
Gimme That,"176,057,009","96,961"
Bitches N Marijuana (feat. ScHoolboy Q),"172,648,236","35,257"
Shortie Like Mine (feat. Chris Brown & Johntá Austin),"170,941,746","54,100"
Love More (feat. Nicki Minaj),"164,478,600","22,572"
Body On Me ft. Chris Brown,"159,053,610","46,257"
Sensational (feat. Davido & Lojay),"152,952,771","72,671"
MUTT (feat. Chris Brown) [CB REMIX],"151,472,657","186,531"
Fine China,"148,784,989","39,700"
Don't Judge Me,"146,702,359","49,746"
Haute (feat. J Balvin & Chris Brown),"142,645,105","14,060"
Wall To Wall,"134,843,664","81,857"
Drifting (feat. Chris Brown & Tory Lanez),"133,501,172","10,249"
G Walk (with Chris Brown),"126,763,571","4,515"
Hotel (feat. Chris Brown),"125,433,845","26,063"
Liquor,"121,483,357","33,624"
Type a Way (feat. Chris Brown & OG Parker),"117,482,338","10,540"
Light It Up,"114,746,898","7,957"
Strip (feat. Kevin McCall),"114,212,911","19,406"
Drunk Texting (feat. Jhené Aiko),"113,758,610","24,379"
Wishing,"112,064,717","19,301"
Indigo,"109,736,251","24,809"
Whatever You Need (feat. Chris Brown & Ty Dolla $ign),"108,091,533","14,435"
It Depends (feat. Bryson Tiller),"105,194,260","305,685"
I Don't Die,"105,111,778","10,747"
Simple Things (Remix) (feat. Chris Brown & Future),"104,205,857","8,898"
City Girls,"102,750,299","36,110"
Zero,"102,649,604","19,265"
Tone It Down (feat. Chris Brown),"100,894,304","4,770"
Tempo,"100,663,597","15,432"
PIE (feat. Chris Brown),"99,061,738","7,675"
Don't Think They Know (feat. Aaliyah),"98,787,513","57,684"
"Jealous (feat. Chris Brown, Lil Wayne & Big Sean)","98,052,584","10,192"
Fuck It Off (feat. Chris Brown),"97,767,539","6,301"
She Ain't You,"97,299,242","38,886"
Something New,"94,338,382","32,063"
I Luv This Shit - Remix (Bonus Track),"90,540,882","82,562"
Wrist (feat. Solo Lucci),"90,463,525","53,082"
Play No Games,"89,685,902","11,752"
Right By My Side,"89,229,621","38,317"
Under The Influence (Body Language),"85,852,180","11,223"
Chi Chi (feat. Chris Brown),"84,420,187","13,357"
My Last,"83,204,694","31,747"
Came To Do (feat. Akon),"82,659,582","14,786"
I Can Only Imagine (feat. Chris Brown & Lil Wayne),"80,934,923","13,608"
Come Together (feat. H.E.R.),"80,744,087","25,373"
Back To Sleep REMIX (feat. Usher & ZAYN),"79,976,213","8,262"
Drop It Low,"78,909,302","26,006"
Hope You Do,"78,579,902","26,842"
Provide (feat. Chris Brown & Mark Morrison),"78,096,016","14,835"
Blow My Mind,"77,636,653","18,607"
Autumn Leaves (feat. Kendrick Lamar),"77,552,500","11,134"
Ain't Thinkin' 'Bout You,"75,755,674","35,372"
Diana,"75,458,604","49,524"
Psychic,"74,827,423","20,656"
Overtime,"74,429,606","24,316"
Baddest,"74,147,936","19,131"
No Romeo No Juliet,"72,478,693","9,330"
Something Real (with London On Da Track & Chris Brown),"71,554,261","10,936"
Sweet Serenade,"69,740,441","5,829"
Wobble Up (feat. Nicki Minaj & G-Eazy),"69,483,854","7,000"
To My Bed,"67,542,368","11,394"
Take It To The Head,"66,335,944","24,621"
Get Like Me,"66,078,160","33,279"
"Gold Slugs (feat. Chris Brown, August Alsina & Fetty Wap)","65,864,424","13,004"
Press Me,"65,221,231","27,955"
Summer Too Hot,"65,121,290","27,632"
I Can Transform Ya (feat. Swizz Beatz & Lil' Wayne),"64,831,381","15,158"
Nothin' Like Me (feat. Ty Dolla $ign),"64,323,650","8,484"
IDGAF (feat. Chris Brown and Mariah the Scientist),"64,167,523","44,722"
Paradise - Radio Edit,"63,218,129","5,164"
Gimme That Remix (feat. Lil' Wayne),"63,170,071","55,903"
High End (feat. Future & Young Thug),"63,023,014","6,431"
Sorry,"62,586,622","28,285"
Feel Something,"62,219,961","47,254"
Lights Out (feat. Fat Trel),"62,116,139","92,878"
No One Else (feat. Fridayy),"59,520,766","118,386"
Feels (feat. Chris Brown),"58,739,302","20,247"
Poppin' - Main,"58,705,672","22,661"
How We Roll,"58,289,545","16,987"
Fine By Me,"55,415,257","5,227"
Waves [feat. Chris Brown & T.I.] - Robin Schulz Remix,"54,857,807","27,014"
She Wildin',"54,389,503","18,407"
FlEXiBle (feat. Chris Brown & Lil Baby),"54,100,450","2,838"
Little More (Royalty),"53,605,979","9,581"
Loyal (East Coast Version) (feat. Lil Wayne & French Montana),"53,503,460","3,289"
Celebration,"52,022,650","7,458"
No BS (feat. Kevin McCall),"51,650,930","12,895"
Delusional,"51,095,887","31,141"
X,"50,961,408","5,599"
Your Number REMIX (feat. Chris Brown & Kid Ink),"50,532,029","12,062"
Hmmm (feat. Davido),"50,477,070","18,845"
Beg For It,"50,306,756","12,212"
Should've Kissed You,"50,181,644","10,691"
Another Round (feat. Chris Brown),"49,648,676","35,568"
"Safety 2020 (feat. Chris Brown, Afro B & DJ Snake)","47,465,362","4,592"
"Go Crazy (Remix) (feat. Young Thug, Future, Lil Durk & Latto)","46,845,432","8,977"
I Think Of You,"46,834,488","2,677"
Do You Mind,"46,418,440","17,595"
Here It Is (feat. Chris Brown),"46,298,991","5,450"
Shooter,"46,218,978","22,178"
Wait On It (feat. Bryson Tiller & Chris Brown),"45,012,638","24,355"
Picture Me Rollin',"44,710,339","8,764"
Back To Love,"44,543,667","5,280"
WE (Warm Embrace),"44,242,480","11,891"
Put In Work (with Chris Brown),"44,176,953","5,440"
Put It Down (feat. Chris Brown),"43,577,766","12,400"
You Changed Me (feat. Chris Brown),"43,011,823","7,784"
Little Bit,"42,448,711","6,670"
Time N Affection,"42,213,267","12,409"
Holy Blindfold,"42,145,013","97,405"
Sweet Love,"41,353,444","10,950"
Stutter,"40,826,398","25,050"
Moses,"40,685,321","4,142"
Crawl,"40,559,780","9,212"
Private Show (feat. Chris Brown),"40,120,271","8,314"
Make Love,"40,037,369","4,996"
Iffy,"39,239,489","5,663"
Juicy Booty (feat. Jhené Aiko & R.Kelly),"39,201,163","4,128"
Girl Of My Dreams,"38,898,619","6,279"
Restroom Occupied [Feat. Chris Brown],"38,689,287","12,351"
Angles (feat. Chris Brown),"38,551,034","15,785"
How Does It Feel,"38,525,186","11,010"
Ain't No Way (You Won't Love Me),"38,355,618","14,941"
Anyway (feat. Tayla Parx),"38,321,435","4,893"
You Like That,"38,287,143","15,658"
Run Away (feat. Bryson Tiller),"37,836,831","29,757"
Out Of Your Mind (feat. Chris Brown),"37,486,565","1,992"
On Me,"37,235,071","6,969"
Finally (feat. Chris Brown),"37,129,065","8,367"
Better with the Lights Off (feat. Chris Brown),"36,870,561","10,157"
Remember Me,"36,720,900","5,245"
Wishing - Remix,"36,525,866","8,180"
Who's Gonna (NOBODY),"36,278,404","5,591"
Bruce Lee,"35,787,443","21,357"
Messed Up,"35,243,511","24,973"
"#BDAY (feat. Chris Brown, Siya and Sage the Gemini)","35,123,795","5,979"
Bouncing / G5,"35,100,759","23,619"
Songs On 12 Play (feat. Trey Songz),"34,952,734","4,831"
Confidence,"34,841,669","2,363"
I Wanna Be,"34,495,970","13,401"
Perfect,"34,450,393","6,685"
Don't Give It Away (with Chris Brown),"34,331,196","16,042"
Lurkin' (feat. Tory Lanez),"33,913,158","7,074"
Up To You,"33,785,539","17,938"
Hello Ego,"33,752,164","1,781"
Nasty,"33,446,941","6,310"
Nightmares (feat. Byron Messia),"33,216,097","11,186"
I Bet (feat. 50 Cent),"33,014,218","3,725"
Bruk Off Yuh Back,"32,867,149","6,401"
Champion (feat. Chris Brown),"32,613,108","7,261"
"FTCU (feat. Travis Scott, Chris Brown & Sexyy Red) - SLEEZEMIX","32,202,190","10,937"
2012,"31,958,079","11,330"
Do Not Disturb,"31,887,145","3,768"
Get Back,"31,600,514","3,690"
She Goin' Up,"31,245,921","6,214"
C.A.B. (Catch A Body) (feat. Fivio Foreign),"31,229,963","7,319"
Guilty,"30,991,897","14,280"
Freeze (feat. Chris Brown),"30,908,874","12,612"
Early 2K (feat. Tank),"30,603,983","5,361"
So Cold,"30,413,971","3,495"
Only 4 Me (feat. Ty Dolla $ign & Verse Simmonds),"30,253,940","2,597"
I See You (feat. Chris Brown),"30,220,394","8,370"
Addicted (feat. Lil Baby),"29,615,604","8,751"
Dream,"29,480,051","13,269"
That's On You (feat. Future),"29,478,799","9,991"
All Back,"29,388,626","6,212"
Flipmode,"29,184,802","2,083"
Just Let Go,"29,029,511","5,555"
February Love (feat. Chris Brown),"28,929,208","11,907"
wgft (Remix) [feat. Chris Brown],"28,316,729","170,666"
Fucking & Kissing (feat. Chris Brown),"28,064,852","3,057"
"Track Star (Remix 2.0)(feat. Chris Brown, A Boogie wit da Hoodie & Yung Bleu)","27,877,584","3,011"
Make A Movie,"27,773,009","12,883"
Possessive (feat. Lil Wayne & BLEU),"27,762,244","5,841"
Ya Man Ain't Me,"27,184,454","9,287"
Real One (feat. Boosie Badazz),"26,729,678","9,501"
Surrounded (feat. Chris Brown & Wiz Khalifa),"26,716,570","2,584"
Overdose (feat. Chris Brown),"26,688,311","8,975"
(Love) Overdose [feat. Chris Brown],"26,555,737","5,737"
Till The Wheels Fall Off (feat. Lil Durk & Capella Grey),"26,191,487","6,004"
Lost In Ya Love,"25,366,491","2,596"
Don't Be Gone Too Long,"25,236,547","2,620"
Say You Love Me,"23,725,443","2,619"
Everybody Knows,"23,205,257","1,789"
As Your Friend,"23,118,492","2,084"
GYALIS (Remix) [feat. Chris Brown & Popcaan],"23,093,428","6,333"
Wake Up (feat. Chris Brown),"23,093,174","12,285"
Do I Ever (feat. Chris Brown),"23,038,603","3,694"
U Did It (feat. Future),"22,748,458","2,142"
Body 2 Body,"22,726,202","11,506"
Survive The Night,"22,696,280","7,151"
Need A Stack (feat. Lil Wayne & Joyner Lucas),"22,168,528","1,843"
Wake Up Dead,"22,077,416","1,679"
Us vs. The World (feat. Chris Brown & Teyana Taylor),"22,057,850","4,497"
Sip,"21,996,645","3,731"
Emerald / Burgundy (feat. Juvenile & Juicy J),"21,925,060","3,912"
City Of Dreams (feat. Chris Brown),"21,554,537","11,550"
Sex Memories (feat. Ella Mai),"21,263,847","5,684"
Till I Die (feat. Big Sean & Wiz Khalifa),"21,248,584","2,143"
Pot Of Gold,"21,152,808","3,060"
Sorry Enough,"21,101,068","6,073"
Goodbye,"20,965,455","2,686"
Discover,"20,825,997","2,279"
No Air (feat. Chris Brown) - Acoustic Version,"20,728,781","3,797"
DucK my Ex (feat. Chris Brown & 2 Chainz),"20,532,925","1,313"
Show It (feat. Blxst),"20,515,320","6,827"
Closure (feat. H.E.R.),"20,486,394","4,079"
Blow It In The Wind,"20,393,476","2,672"
Rock Your Body,"20,379,440","1,739"
Make Up Your Mind,"20,280,676","6,893"
Need You Right Here (feat. Bryson Tiller),"20,263,124","4,401"
Problem With You,"20,012,044","4,336"
One Call Away (feat. Chris Brown),"20,004,889","22,243"
"Deuces Remix (feat. Drake, T.I., Kanye West, Fabolous, Rick Ross & André 3000)","19,902,477","10,175"
I Love Her,"19,891,436","2,752"
Hands Up,"19,860,661","1,563"
Best Ever (feat. Maeta),"19,592,085","5,397"
Time For Love,"19,485,783","2,653"
Westside,"19,479,268","3,062"
Just As I Am (feat. Prince Royce & Chris Brown),"19,423,685","2,505"
Heartbreak on a Full Moon,"18,970,067","2,086"
Roses,"18,940,959","1,743"
Love You Better (feat. Chris Brown),"18,572,176","3,013"
Moonlight,"18,515,911","11,291"
Drown In It (feat. R.Kelly),"18,504,246","1,803"
die alone (feat. Yung Bleu),"18,412,142","3,211"
D.G.I.F.U. (feat. Pusha T),"18,376,554","1,764"
Gangsta Way,"18,376,487","24,528"
She Bumped Her Head (feat. Gunna),"18,254,135","3,652"
Stuck On Stupid,"18,111,353","1,962"
Lady In A Glass Dress (Interlude),"18,082,787","1,846"
Young Love,"18,025,148","5,602"
Date Night (Same Time) [feat. Chris Brown],"18,012,352","9,304"
Do Better (feat. Brandy),"17,936,422","1,641"
"Freak (feat. Lil Wayne, Joyner Lucas & Tee Grizzley)","17,837,180","7,754"
Go Girlfriend,"17,683,392","7,260"
Better,"17,681,386","3,560"
African Bad Gyal (feat. Chris Brown),"17,617,976","2,409"
Temporary Lover (feat. Lil Jon),"17,602,559","2,286"
Summer Breeze,"17,470,377","2,159"
One Night Stand,"17,438,482","9,950"
Pitch Black,"17,361,319","4,302"
"Deuces Remix (feat. Drake, Kanye West & André 3000)","17,281,638",916
Lower Body (feat. Davido),"17,207,277","3,184"
Closer,"17,166,685","9,795"
For The Road,"17,144,675","7,771"
Lost & Found,"17,115,490","2,108"
All I Want (feat. Tyga),"17,102,823","1,913"
Natural Disaster / Aura,"16,954,367","2,923"
Juice,"16,953,259","2,310"
Red,"16,891,496","2,944"
Midnight Freak,"16,535,210","6,817"
Other Niggas,"15,991,928","1,291"
Handle It (feat. DeJ Loaf & Lil Yachty),"15,710,657","1,243"
Get Back Up,"15,625,270","8,103"
Pull Up,"15,538,126","1,750"
Rumorz,"15,519,924","6,845"
Add Me In,"15,480,639","1,314"
Sleep At Night,"15,355,719","4,513"
I Love U,"15,334,049","5,295"
Proof,"15,302,573","1,485"
Body Shots,"15,213,579","1,101"
101 (Interlude),"15,212,141","1,499"
Been Around The World,"15,201,012","3,369"
Back To The Crib - Single Version,"15,152,801","4,915"
See You Around,"15,140,018","1,281"
Party Hard / Cadillac (Interlude) (feat. Sevyn),"15,086,847","2,102"
Shopping Spree (feat. Chris Brown & Young Thug),"15,000,300","5,010"
Obvious,"14,730,608","234,967"
Attention,"14,668,267","2,965"
"Main Chick (feat. Chris Brown, French Montana, Yo Gotti, Tyga & Lil Bibby) - Remix","14,616,395","7,984"
Sensei (feat. A1),"14,550,104","1,241"
Stereotype,"14,511,212","1,298"
BP / No Judgement,"14,496,464","3,139"
Covered In You,"14,455,847","2,195"
Very Special,"14,426,405","4,405"
Nobody Has To Know (feat. Davido),"14,397,878","3,776"
What It Is (feat. Chris Brown),"14,397,184","2,735"
Bunkin' (feat. Jay 305 & T.I.),"14,354,003","1,419"
No Interruptions,"14,332,456","10,216"
Red Flags,"14,310,036","5,511"
Feelings Don't Lie,"14,240,589","7,206"
Run It! - No Rap Version,"14,146,903","6,380"
Big Slimes (feat. Gunna & Lil Duke),"14,127,603","1,820"
Hit My Line,"14,002,974","6,710"
Hmhmm (feat. EST Gee),"13,933,120","3,184"
Yellow Tape,"13,879,675","1,781"
I Got Time (feat. Shad Da God),"13,861,286","1,802"
All On Me,"13,723,016","2,905"
Winner,"13,607,990","3,876"
"Dirty (Remix) [feat. Chris Brown, Feather & Rahky]","13,496,947","5,529"
Trap Back (feat. Major Nine),"13,460,516","2,062"
KAE,"13,429,911","1,026"
Heaven on Earth (feat. Chris Brown),"13,414,161","4,054"
Part Of The Plan,"13,327,697","2,604"
Baby (with Chris Brown),"13,262,670","18,088"
Troubled Waters,"13,243,917","1,911"
Banjo,"13,222,200","1,568"
Animal,"13,214,441","1,958"
Sex So Good,"13,193,560","8,321"
No Filter,"13,182,830",903
Day One,"13,104,974","1,073"
Biggest Fan,"12,992,657","1,767"
Back To You (feat. Chris Brown & Charlie Wilson),"12,988,368","2,094"
Motion (feat. Chris Brown),"12,956,206","5,279"
Wrong In The Right Way,"12,924,110","1,795"
Need A Friend,"12,867,860","4,605"
Play Catch Up,"12,845,490","2,884"
Champion (feat. Chris Brown),"12,688,088","1,809"
Passing Time,"12,676,534","5,261"
No Exit,"12,503,006","1,415"
Nowhere,"12,493,277","1,134"
Drippin' (feat. Chris Brown),"12,468,091",527
This Ain't,"12,408,421","1,685"
Views,"12,227,402","4,506"
Titanium (feat. Chris Brown),"12,200,061","7,643"
Trust Issues / Act In,"12,174,031","1,436"
Throw It Back,"12,144,096","1,847"
3's Company (feat. Chris Brown & O.T. Genasis),"12,038,669","1,184"
Mood (feat. Chris Brown),"12,001,950","1,249"
Distant Lover,"11,898,793","9,577"
Bad Then A Beach (feat. Tory Lanez),"11,778,503","2,177"
Tell Me How You Feel (feat. Tory Lanez),"11,771,036","4,708"
You,"11,754,569","2,889"
Focus (feat. Chris Brown) ( DJ Envy Remix),"11,731,237","5,955"
Paradise,"11,718,743","1,190"
Rodeo,"11,667,895","2,489"
Bassline,"11,549,951",617
It's Yo Shit (feat. Wale),"11,496,358","1,244"
On Some New Shit,"11,481,774","5,302"
On Some New Sht,"11,476,472","6,501"
Petty,"11,457,464","2,504"
Set The Record Straight (feat. Chris Brown),"11,438,879","1,671"
Emotions,"11,432,525","1,334"
DRUNK OFF U (feat. Chris Brown),"11,390,295","9,737"
Reddi Wip,"11,342,250","1,443"
Just Fine,"11,337,396","2,503"
Next To You (feat. Justin Bieber) - Radio Edit,"11,319,666","20,475"
Frustrated,"11,236,575","1,020"
Even,"11,235,422","5,957"
Use Me,"11,162,471","10,701"
Episode (feat. T.I. & Chris Brown),"11,115,687","1,567"
Luckiest Man,"11,026,836","3,188"
Stolen,"11,005,989","1,446"
Take A Risk,"10,985,607","1,513"
You Like,"10,891,104",856
Dear God,"10,887,666","1,770"
Welcome To My Life (feat. Cal Scruby),"10,794,064",752
Hangover,"10,784,464",887
Hate Me Tomorrow,"10,779,839","8,941"
Sexy (feat. Trey Songz),"10,751,678","1,258"
Side Nigga,"10,751,483","1,324"
Trust Me,"10,733,825","1,176"
Yoppa (feat. Trippie Redd),"10,719,610",683
Remedy (feat. Busta Rhymes & Chris Brown),"10,716,358",481
Flashbacks,"10,682,595","2,058"
Tough Love,"10,681,660",915
Bite My Tongue,"10,679,718",913
Talkin' Bout (feat. Chris Brown & Wiz Khalifa),"10,610,565","1,321"
Slide,"10,598,002","4,053"
Just for Tonight (feat. Chris Brown),"10,572,227","3,023"
Harder,"10,498,452","2,427"
Hurt The Same,"10,413,486","1,003"
Forbidden,"10,400,280","2,127"
Control (feat. Chris Brown & Pitbull),"10,373,674",981
Shawty Get Loose (feat. Chris Brown & T-Pain),"10,369,045","2,474"
Run Away,"10,353,577","1,037"
Chi Chi (feat. Chris Brown) - Croatia Squad Remix,"10,255,463",535
If You're Down,"10,221,839","1,014"
Undrunk (feat. Too $hort & E-40),"10,153,175","1,160"
Fallin' (feat. Leon Thomas),"10,120,602","361,621"
Oh My Love,"10,075,894","1,666"
Afterlife,"10,062,656","6,425"
It's Giving Christmas,"9,919,192","1,825"
Cheetah,"9,917,530","1,221"
All My Life feat. Chris Brown,"9,820,834","3,089"
"Outy When I Drive/Blamed (feat. Rich The Kid, Yella Beezy & Sage The Gemini)","9,794,274","1,354"
Sing Like Me,"9,708,379","2,250"
Won't Turn It Down,"9,658,895","2,852"
This Way,"9,649,505","1,047"
4 Years Old,"9,623,947",988
Tell Me What To Do,"9,575,535","1,041"
My Slime,"9,544,608","9,126"
Arena (feat. Chris Brown & T.I.),"9,531,950",497
Enemy,"9,527,576","1,071"
Won't Keep You Waiting (feat. Mario),"9,428,164","4,809"
Mirage (feat. Nas),"9,402,161","1,026"
Nose Dive (feat. DaniLeigh),"9,386,230","1,566"
Run It! Remix (feat. Bow Wow & Jermaine Dupri),"9,249,044","2,348"
Is This Love,"9,236,259","1,801"
Hope We Meet Again (feat. Chris Brown),"9,215,790",616
"Paper, Scissors, Rock (feat. Big Sean & Timbaland)","9,138,939","1,404"
Shabba,"8,997,968",483
No Guidance (Remix),"8,978,015",500
"1 Question (feat. Jeremih, Rick Ross & Chris Brown)","8,736,372",801
Don't Kill the Fun (feat. Chris Brown),"8,630,458","1,123"
What Them Girls Like,"8,618,567","2,087"
Melanin Magic (Pretty Brown) (feat. Chris Brown),"8,564,154",552
Ain't Shit Changed (feat. Chris Brown),"8,536,484",754
Water,"8,500,528",827
Down (feat. Kanye West),"8,462,047","1,752"
Throwback (feat. Chris Brown),"8,336,365",609
I Ain't Tryin',"8,251,271","1,217"
Going At It,"8,013,438","1,474"
Remember My Name (feat. Sevyn),"7,994,718",821
Sweet Lullaby,"7,903,714","5,580"
It Depends (The Remix) (feat. Bryson Tiller & USHER),"7,853,352","11,751"
"Either Way (feat. Chris Brown, Yo Gotti, O.T. Genasis) - Remix","7,804,130",143
See Through Love (feat. Chris Brown),"7,787,382","7,100"
No Such Thing (feat. Hoodybaby),"7,728,346",978
Damage,"7,599,288","2,019"
Save It for Me (feat. Chris Brown),"7,558,603",536
Trumpet Lights (feat. Sabrina Antionette),"7,493,042",599
Touch Me (feat. Sevyn),"7,482,368",833
Foreplay (feat. Chris Brown),"7,436,445","3,547"
Hot Nigga - Remix,"7,204,268",381
Don't Say Shit (feat. Chris Brown & Fabolous),"7,114,388","1,509"
Brown Skin Girl (feat. Sean Paul),"7,089,427","2,351"
No Time Like Christmas,"6,951,089","1,336"
I Love You (feat. Chris Brown & Ty Dolla $ign),"6,942,715",422
Say It With Me,"6,878,323","1,243"
Take My Time (feat. Tank),"6,751,022","1,064"
Talm' Bout,"6,710,056","3,510"
UnLonely,"6,573,205","5,813"
Same St,"6,545,755",865
Ayo - Jason Nevins Remix,"6,444,926","1,346"
Technology,"6,444,795","1,004"
Rain Down (feat. PnB Rock & Latto),"6,384,745",659
BABY,"6,322,332","2,153"
Tell Somebody,"6,219,419",690
Look at Her Go (feat. Chris Brown),"6,208,918",480
In The City,"6,160,222","2,760"
Don't Slow Me Down,"6,124,263",436
Picture Perfect (feat. will.i.am),"6,093,983","1,274"
What's My Name (feat. Noah),"6,025,835","1,402"
This X-Mas (feat. Ella Mai),"5,956,020",264
Fairytale,"5,923,431",407
Free Run,"5,824,992",536
